Wall time,Step,Value,Smoothed
1579532962.04811,65720.00000,-16.79621,5.22381
1579532962.06581,65857.00000,-18.13716,5.33055
1579532962.08055,65587.00000,58.81265,5.43208
1579532962.08201,66451.00000,-14.27674,5.53222
1579532962.09125,65754.00000,-17.68304,5.60300
1579532962.10001,66253.00000,-21.22440,5.54369
1579532962.10155,66116.00000,-84.73718,5.65121
1579533023.85880,132718.00000,-19.93892,5.75336
1579533023.87229,131691.00000,-32.56201,5.70206
1579533023.88126,132728.00000,-16.84842,5.80519
1579533023.88265,131712.00000,-24.22802,5.89828
1579533023.89318,132313.00000,-19.46448,5.83697
1579533089.09305,197178.00000,-11.68813,5.77824
1579533089.11008,198300.00000,-40.36981,5.68467
1579533089.13523,196645.00000,-7.00570,5.79476
1579533167.97408,264190.00000,-16.15736,5.89010
1579533167.98569,263194.00000,-18.31676,5.98949
1579533231.63644,327699.00000,-64.02587,6.08949
1579533231.63703,328383.00000,-11.14038,6.01275
1579533231.64988,328950.00000,81.21238,5.93958
1579533231.65167,328345.00000,-10.11608,5.92934
1579533293.11224,395062.00000,-56.84573,6.03240
1579533354.49284,459533.00000,-53.98413,6.13479
1579533354.50843,460179.00000,-16.08457,6.23217
1579533354.50937,459548.00000,-83.63544,6.08669
1579533415.56437,524648.00000,-95.65133,6.19522
1579533475.29301,590407.00000,-54.17950,6.29966
1579533535.07548,655525.00000,-54.87994,6.18601
1579533535.09848,657350.00000,-75.06282,6.29313
1579533594.14583,722031.00000,-64.56999,6.20151
1579533653.45162,787576.00000,-98.75720,6.31005
1579533653.47447,787830.00000,-59.09305,6.29355
1579533712.41568,852438.00000,-72.75754,6.26282
1579533771.13069,918469.00000,-192.85637,6.27601
1579533771.15977,917701.00000,-66.62983,6.12146
1579533771.16102,919095.00000,-64.42262,6.22057
1579533830.31315,984458.00000,-57.96676,6.32769
1579533830.33337,984932.00000,-59.38555,6.31940
1579533948.70928,1114660.00000,-60.94899,6.41968
1579534007.19935,1179891.00000,61.67662,6.49853
1579534419.42594,1639639.00000,82.25105,6.59841
1579534597.35200,1835223.00000,-55.76335,6.48470
1579534597.36443,1836236.00000,-65.90752,6.58511
1579534656.67798,1900631.00000,-60.78813,6.57538
1579534893.84917,2164687.00000,-36.58104,6.63141
1579534893.84996,2163793.00000,85.32913,6.70945
1579534893.87375,2162934.00000,81.40971,6.61518
1579534953.61438,2229334.00000,81.31624,6.71972
1579534953.63802,2228644.00000,81.85448,6.82502
1579534953.63993,2229401.00000,-59.27835,6.91512
1579535013.50248,2295615.00000,-80.58165,6.84156
1579535013.51159,2294040.00000,57.71652,6.62547
1579535073.29325,2359660.00000,81.08870,6.20368
1579535133.28680,2425643.00000,84.22796,5.86607
1579535192.74760,2490906.00000,-41.75313,5.75014
1579535252.55414,2556363.00000,-217.52217,5.57907
1579535252.58125,2557035.00000,-55.37368,5.12069
1579535252.58687,2557823.00000,-19.60784,5.04575
1579535312.75640,2623179.00000,83.58410,4.99236
1579535372.54713,2688218.00000,-53.88544,4.97476
1579535432.95180,2752671.00000,-37.29953,5.07456
1579535492.99848,2819132.00000,-16.66521,5.00725
1579535493.00998,2818723.00000,-8.75115,4.98339
1579535552.69406,2884148.00000,-54.67057,5.05563
1579535552.69840,2885500.00000,78.11575,5.15519
1579535672.16861,3016026.00000,82.86417,5.08428
1579535672.21469,3015655.00000,-2.71515,4.96686
1579535732.54583,3081016.00000,61.42880,5.02537
1579535732.57551,3080915.00000,59.15461,5.13290
1579535732.59232,3080579.00000,-12.32605,5.23670
1579535732.59418,3080247.00000,-51.56429,5.16180
1579535792.49988,3146800.00000,83.42109,5.25493
1579535792.52627,3146068.00000,78.64857,5.33670
1579535852.47318,3212414.00000,-55.97952,5.19528
1579535912.57844,3277426.00000,77.87306,5.30308
1579535912.60482,3277935.00000,82.09568,5.39216
1579536032.20692,3408846.00000,82.01572,5.35201
1579536032.22090,3409813.00000,76.64377,5.44322
1579536032.25230,3409713.00000,-40.41315,5.54724
1579536032.25564,3409572.00000,-12.04591,5.52245
1579536092.34036,3473771.00000,-26.09306,5.48436
1579536152.14098,3539063.00000,-64.74533,5.58486
1579536211.82298,3605951.00000,-49.74989,5.67387
1579536211.83511,3604941.00000,-8.92034,5.61463
1579536271.67393,3670743.00000,72.31888,5.71792
1579536271.69559,3671006.00000,84.67871,5.64236
1579536271.69621,3671856.00000,76.74313,5.22892
1579536331.90872,3737236.00000,58.26978,5.30760
1579536391.63993,3802187.00000,82.12328,5.41330
1579536391.64306,3802004.00000,79.14491,4.92580
1579536391.65338,3802102.00000,-47.25348,4.90800
1579536451.77420,3868600.00000,82.15047,4.88225
1579536451.79491,3867174.00000,83.37817,4.98171
1579536511.44371,3932947.00000,82.61382,4.95610
1579536511.45788,3933139.00000,-14.70468,5.05592
1579536571.28205,3997825.00000,-40.97667,5.16249
1579536571.28696,3998116.00000,80.24488,5.26945
1579536631.57450,4064424.00000,86.41916,5.10774
1579536631.57766,4064013.00000,77.41110,5.08061
1579536631.60761,4064035.00000,-73.53116,5.04105
1579536751.86083,4195210.00000,81.26919,5.03748
1579536751.87870,4195424.00000,80.78843,4.98441
1579536751.88057,4195982.00000,-45.41581,4.98075
1579536751.89774,4195958.00000,71.61992,4.95875
1579536812.20177,4260332.00000,83.06472,4.55869
1579536872.96525,4327081.00000,82.06703,4.44947
1579536872.98845,4326728.00000,74.77885,4.42127
1579536872.99133,4327223.00000,84.90553,4.51443
1579536933.33328,4391878.00000,81.59204,4.60694
1579536933.33863,4392784.00000,-42.82033,4.53828
1579536993.82538,4456703.00000,86.44603,4.47145
1579536993.84198,4458422.00000,-31.00516,4.47181
1579537054.53525,4522810.00000,-46.81248,4.42509
1579537054.53629,4523932.00000,-43.50516,4.50171
1579537114.97593,4589436.00000,78.28969,4.60957
1579537114.99656,4587972.00000,81.08865,4.70726
1579537115.00670,4588472.00000,83.57512,4.67908
1579537175.75270,4655071.00000,-29.54006,4.78225
1579537175.79247,4653249.00000,-19.02329,4.77590
1579537175.79906,4653497.00000,-47.69854,4.88267
1579537236.19392,4720217.00000,85.37448,4.81556
1579537236.19462,4719126.00000,81.61095,4.91817
1579537236.21216,4719152.00000,81.44729,4.89423
1579537236.21329,4720495.00000,77.69689,4.96936
1579537236.22548,4720466.00000,82.71890,5.06995
1579537297.14296,4786074.00000,22.36759,5.01379
1579537357.44160,4850483.00000,76.26099,4.96681
1579537357.45444,4851176.00000,82.05797,4.90758
1579537417.90471,4917007.00000,-12.50172,5.01056
1579537417.91255,4916916.00000,-24.67154,4.93062
1579537417.93878,4917023.00000,-48.50563,4.93081
1579537417.95690,4916211.00000,-58.95056,4.89676
1579537478.44711,4980860.00000,83.45884,4.74225
1579537478.44843,4981776.00000,82.27120,4.84888
1579537539.77249,5048157.00000,61.38828,4.93250
1579537600.13027,5113662.00000,81.26318,5.03546
1579537661.01795,5177356.00000,78.39001,4.98761
1579537721.69505,5244373.00000,73.93031,5.09314
1579537721.71289,5243219.00000,-51.71937,5.07207
1579537781.80045,5309507.00000,-22.44477,5.17857
1579537781.80750,5308674.00000,87.20553,5.07358
1579537781.82162,5309671.00000,74.88343,5.03350
1579537842.77239,5373978.00000,81.57762,5.11362
1579537903.66492,5440129.00000,-25.19106,5.06414
1579537903.67757,5440229.00000,-15.51635,5.00568
1579537903.68545,5439873.00000,82.19817,4.92747
1579537964.33610,5506566.00000,67.38199,5.03296
1579537964.35252,5505779.00000,82.43223,4.67992
1579538024.82879,5571326.00000,88.22398,4.70769
1579538024.87104,5572516.00000,81.84171,4.77599
1579538085.31077,5637480.00000,57.30646,4.75024
1579538085.32274,5637567.00000,67.55180,4.76640
1579538085.35052,5637051.00000,83.72025,4.86464
1579538145.85795,5702314.00000,-16.80775,4.96818
1579538145.86510,5702752.00000,-15.99272,4.89133
1579538145.87049,5702351.00000,83.16559,4.98972
1579538206.34201,5768421.00000,79.20385,4.95965
1579538206.34883,5769113.00000,82.28767,4.91079
1579538206.36351,5767557.00000,71.39174,4.40926
1579538206.36819,5768687.00000,61.26917,4.51222
1579538328.11140,5898796.00000,-178.76846,4.61558
1579538328.14793,5898354.00000,83.46828,4.67249
1579538328.14816,5898569.00000,-3.32618,4.30413
1579538328.15563,5899696.00000,70.14171,4.40093
1579538388.44726,5964773.00000,85.66459,4.49832
1579538388.45233,5965427.00000,61.89328,4.37477
1579538510.71872,6095292.00000,79.81927,4.47007
1579538510.75161,6095621.00000,-0.52344,4.57620
1579538510.76918,6096886.00000,77.67565,4.68229
1579538631.83350,6227556.00000,-99.02553,4.78226
1579538631.86212,6226451.00000,80.84374,4.88753
1579538631.87449,6227104.00000,81.43688,4.97393
1579538692.26193,6292666.00000,61.07897,5.04079
1579538692.31146,6293151.00000,81.07307,5.10632
1579538753.00432,6358090.00000,-27.88331,5.20773
1579538813.43839,6424446.00000,-18.47318,5.31322
1579538813.44857,6423718.00000,82.20329,5.31528
1579538813.45531,6423680.00000,6.50233,5.41967
1579538874.03626,6489815.00000,79.54887,5.51750
1579538874.03989,6489592.00000,21.44118,4.75300
1579538874.04950,6489268.00000,-109.82313,4.69086
1579538874.05193,6489616.00000,60.48090,4.56112
1579538994.86850,6620442.00000,78.14001,4.66525
1579539115.69853,6751096.00000,-18.50012,4.76848
1579539236.72221,6883128.00000,58.84367,4.63000
1579539297.32951,6948283.00000,51.13647,4.58260
1579539297.34418,6948196.00000,85.57584,4.52128
1579539357.84232,7014106.00000,79.73438,4.50846
1579539418.31655,7078638.00000,59.95237,4.60807
1579539418.34417,7078032.00000,-17.55969,4.23187
1579539418.34708,7079423.00000,-55.41687,4.20580
1579539478.90401,7144099.00000,73.13543,4.31006
1579539478.93809,7144703.00000,73.50684,4.40786
1579539539.05287,7210057.00000,78.28568,4.51001
1579539539.06914,7210312.00000,50.43620,4.61194
1579539539.08142,7210723.00000,-33.82104,4.71137
1579539539.08628,7209743.00000,-23.17739,4.71164
1579539539.08879,7210564.00000,80.67843,4.64884
1579539599.29456,7274541.00000,59.43458,4.74968
1579539599.32935,7275033.00000,66.55504,4.69986
1579539599.33225,7276461.00000,-46.91138,4.65867
1579539659.69264,7340983.00000,-46.40038,4.58585
1579539659.72999,7340815.00000,66.85497,4.68697
1579539720.17730,7407472.00000,-17.43905,4.60471
1579539720.17759,7405735.00000,75.43502,4.70300
1579539720.18389,7406493.00000,81.34444,4.81255
1579539720.18869,7406825.00000,83.02776,4.91497
1579539780.42525,7472258.00000,75.08377,4.96740
1579539780.42561,7472688.00000,-46.40630,5.06902
1579539840.60459,7536930.00000,80.47720,4.98413
1579539840.61792,7538247.00000,-6.03528,5.08542
1579539901.13372,7602287.00000,77.43266,4.92725
1579539901.15612,7602322.00000,79.85886,5.03317
1579539961.93106,7668328.00000,-11.25792,5.11160
1579539961.93812,7668610.00000,-9.49933,5.00978
1579539961.96659,7668285.00000,73.13712,4.87075
1579540021.99432,7734946.00000,-64.88808,4.76677
1579540082.48432,7800718.00000,75.01811,4.86179
1579540142.74070,7864455.00000,-16.94496,4.81106
1579540202.81870,7930666.00000,-42.29937,4.90289
1579540323.72494,8061827.00000,-208.50124,5.00061
1579540323.73916,8062741.00000,79.06168,4.65157
1579540323.75029,8061232.00000,56.58000,4.72156
1579540323.75997,8061212.00000,78.35975,4.69533
1579540384.22133,8128006.00000,-38.62163,4.68234
1579540503.91158,8257708.00000,-8.57105,4.66042
1579540624.69769,8389069.00000,85.87784,4.76552
1579540624.70112,8389161.00000,89.64335,4.87261
1579540624.71693,8389068.00000,-58.68226,4.84862
1579540624.72476,8389148.00000,33.60511,4.94681
1579540624.73808,8390066.00000,75.22985,5.05097
1579540685.11699,8455838.00000,83.80308,5.16128
1579540685.14504,8454658.00000,66.33121,5.07219
1579540685.16599,8456007.00000,81.07108,5.17426
1579540745.56094,8520142.00000,82.07584,5.27842
1579540805.65149,8587175.00000,84.86456,5.23940
1579540805.65520,8587023.00000,-6.04195,5.06106
1579540805.66317,8586639.00000,-187.08185,5.09641
1579540865.97216,8651029.00000,84.19083,5.06938
1579540926.20789,8717807.00000,79.87285,5.02033
1579540986.34036,8783084.00000,80.78978,5.11872
1579540986.38577,8782399.00000,78.76857,5.22723
1579540986.38662,8782602.00000,-50.09307,5.33134
1579541046.56973,8848300.00000,82.06575,5.43576
1579541046.57695,8847962.00000,82.57707,5.37333
1579541107.05987,8914858.00000,-213.38011,5.36327
1579541166.98960,8979676.00000,62.25228,5.46683
1579541166.99188,8980229.00000,86.10421,5.57590
1579541227.61677,9045867.00000,-20.05326,5.68242
1579541227.62520,9045980.00000,76.44569,5.78223
1579541227.64432,9045617.00000,56.54165,5.88704
1579541287.98702,9111028.00000,64.12606,5.98781
1579541288.01651,9110570.00000,-46.53806,5.99157
1579541348.84994,9175307.00000,63.40797,6.09605
1579541348.87207,9175154.00000,-50.36031,6.16415
1579541348.88655,9175617.00000,85.72120,6.26590
1579541469.25031,9307246.00000,-57.64191,6.36199
1579541529.58273,9372907.00000,-15.93975,6.31386
1579541529.59294,9371927.00000,-65.19624,6.26450
1579541529.61189,9372286.00000,67.78366,6.24629
1579541590.18379,9438877.00000,74.12466,6.35199
1579541590.19106,9437247.00000,66.75671,6.43945
1579541590.20825,9437819.00000,-143.23433,6.41428
1579541590.21319,9437459.00000,-49.45613,6.52306
1579541650.18990,9504554.00000,81.35323,6.46943
1579541650.22191,9504359.00000,-17.03871,6.29992
1579541710.21393,9568928.00000,-13.93410,6.40445
1579541830.07594,9700178.00000,65.34945,6.51424
1579541830.07610,9700229.00000,72.88166,6.61601
1579541830.08542,9700700.00000,-79.48216,6.71327
1579541890.39905,9765358.00000,72.23842,6.81499
1579541890.40236,9765297.00000,-40.22944,6.92205
1579541890.40432,9764908.00000,-16.22971,6.91407
1579541890.40460,9765361.00000,-52.49586,6.77126
1579541950.39224,9832331.00000,-47.68243,6.72611
1579542010.64837,9896728.00000,-44.51362,6.67711
1579542070.95736,9963302.00000,80.43813,6.65271
1579542070.96241,9962866.00000,79.66737,6.58663
1579542070.96804,9962566.00000,81.29653,6.69084
1579542131.38917,10028588.00000,81.82515,6.79987
1579542192.19535,10093296.00000,86.11665,6.90425
1579542192.20762,10092913.00000,-101.34104,7.00990
1579542192.21252,10093183.00000,26.58069,7.11464
1579542312.77040,10225030.00000,56.80292,7.21156
1579542372.55744,10289449.00000,80.29008,7.30874
1579542372.56216,10289342.00000,79.62179,7.41099
1579542432.50413,10355910.00000,-20.02915,7.49815
1579542432.51485,10356284.00000,81.62386,7.44778
1579542432.52955,10355112.00000,-49.04105,7.55696
1579542553.33549,10487678.00000,84.35591,7.66163
1579542553.34510,10486628.00000,60.67006,7.63775
1579542613.23612,10553049.00000,79.70113,7.74316
1579542613.24486,10552291.00000,-9.82947,7.81760
1579542673.60913,10618705.00000,-54.41549,7.77760
1579542673.63109,10617913.00000,52.95792,7.72889
1579542733.96447,10682620.00000,-64.84811,7.67845
1579542794.41372,10749788.00000,-21.88642,7.65370
1579542794.43943,10748507.00000,83.01401,7.75516
1579542794.45568,10747995.00000,-14.06128,7.69696
1579542854.95457,10814832.00000,-16.60018,6.84802
1579542854.97696,10813521.00000,85.23983,6.80330
1579542915.50378,10880470.00000,-58.49406,6.87731
1579542976.13860,10944694.00000,-33.17514,6.98168
1579542976.16102,10946114.00000,84.76310,7.08534
1579542976.19087,10945383.00000,75.46224,7.19074
1579543036.29759,11011908.00000,81.76227,7.28684
1579543036.31243,11010847.00000,-85.40026,7.35629
1579543036.32695,11010060.00000,81.46864,7.46075
1579543097.05732,11077507.00000,-57.68608,7.45262
1579543097.06113,11076137.00000,-52.78137,7.55195
1579543157.81221,11142600.00000,80.03868,7.20347
1579543218.13785,11207976.00000,-75.69703,7.00254
1579543218.14600,11207130.00000,-251.38808,7.10563
1579543460.05285,11469855.00000,-96.74136,7.05854
1579543460.06543,11469684.00000,83.11263,7.16657
1579543581.24339,11600019.00000,82.24906,7.13596
1579543581.28151,11600386.00000,-46.26135,7.23757
1579543641.37563,11666876.00000,-73.97643,7.19137
1579543641.37970,11665443.00000,70.03495,7.27133
1579543641.39960,11665992.00000,79.57902,7.32779
1579543641.40357,11666513.00000,-432.77188,7.42164
1579543701.72497,11731628.00000,-139.42654,7.27074
1579543701.72984,11731777.00000,-46.71016,7.37157
1579543762.17824,11797437.00000,81.51498,7.44315
1579543762.18842,11797342.00000,85.21623,7.55230
1579543883.28456,11928928.00000,82.46693,7.66198
1579543883.32444,11928710.00000,-8.95442,7.64368
1579543943.67637,11993842.00000,-344.51807,7.73962
1579544004.35862,12059612.00000,-26.75685,7.83373
1579544004.37925,12059326.00000,82.19014,7.76997
1579544064.86416,12124977.00000,-50.37360,7.87396
1579544064.86689,12125989.00000,-54.54766,7.97977
1579544125.50918,12190873.00000,68.55260,8.08724
1579544186.12249,12256445.00000,-18.55504,8.08433
1579544186.13041,12256404.00000,-12.88027,8.18498
1579544186.13126,12255573.00000,66.35073,8.28583
1579544186.16523,12257234.00000,-15.88501,8.24480
1579544247.20845,12322291.00000,-54.60265,8.35067
1579544247.22278,12321068.00000,-18.20872,8.33524
1579544247.23319,12321364.00000,85.53725,8.43805
1579544367.87421,12451995.00000,85.16516,8.12975
1579544427.82822,12517499.00000,80.23801,8.23053
1579544427.83652,12517879.00000,-323.43835,8.32803
1579544427.84492,12518124.00000,-89.80325,8.42516
1579544427.85105,12518856.00000,43.95045,8.37657
1579544427.87126,12517822.00000,-23.18475,8.32215
1579544427.87591,12517529.00000,0.39321,8.37573
1579544488.02551,12583240.00000,-362.68872,8.31603
1579544488.03998,12583082.00000,87.39027,8.25880
1579544548.56810,12650214.00000,-45.13581,8.36259
1579544548.57578,12649606.00000,-168.07819,8.24879
1579544548.61112,12648527.00000,84.23962,8.12540
1579544669.19648,12780515.00000,64.71320,8.03790
1579544669.20347,12780859.00000,-109.02158,7.94957
1579544669.22531,12779960.00000,64.26373,7.71487
1579544729.29078,12846577.00000,86.22216,7.65496
1579544729.31853,12845238.00000,84.70354,7.60930
1579544849.37008,12976558.00000,82.06663,7.53390
1579545089.45473,13238984.00000,79.86674,7.61002
1579545089.46326,13240106.00000,66.29042,7.71410
1579545089.46619,13239450.00000,82.34853,7.66696
1579545089.47166,13238740.00000,87.33973,7.49364
1579545149.80343,13305203.00000,80.05175,7.59696
1579545210.07488,13371258.00000,53.55095,7.39460
1579545270.12229,13435640.00000,84.50124,7.49846
1579545270.12617,13436738.00000,86.50570,7.42555
1579545270.15071,13436126.00000,84.70536,7.53040
1579545330.60566,13501008.00000,81.52045,7.63375
1579545330.61028,13500569.00000,-169.94041,7.73487
1579545390.92135,13566117.00000,-164.14246,7.83655
1579545451.05925,13631634.00000,69.54516,7.65044
1579545451.06879,13632755.00000,79.39140,7.02898
1579545632.24094,13828620.00000,82.98994,6.95229
1579545632.25234,13830073.00000,-63.17694,6.90591
1579545632.25974,13828968.00000,-14.94724,6.61118
1579545692.67825,13893697.00000,79.32840,5.90360
1579545692.69566,13895637.00000,-71.31282,5.97169
1579545692.71526,13894190.00000,-185.37160,5.91371
1579545692.73350,13895463.00000,60.29873,5.86979
1579545813.27696,14026077.00000,-59.73698,5.84179
1579545813.28902,14025701.00000,-22.70230,5.91396
1579545934.87229,14156199.00000,-30.46800,5.84510
1579545934.88384,14156895.00000,-91.43952,5.79164
1579546056.01253,14288822.00000,84.49334,5.73174
1579546115.86425,14352693.00000,53.71924,5.83592
1579546237.19495,14483839.00000,-8.49312,5.78459
1579546237.21424,14484755.00000,3.82745,5.89123
1579546357.81719,14616056.00000,77.64233,5.79475
1579546357.82671,14616316.00000,-347.04443,5.89476
1579546357.83022,14616422.00000,45.98916,5.97076
1579546418.45251,14681533.00000,61.19352,5.94985
1579546418.47435,14681848.00000,80.77586,5.61620
1579546418.49247,14681912.00000,-329.05856,5.71949
1579546418.49997,14681153.00000,80.78878,5.67726
1579546479.16316,14746038.00000,-145.13722,5.61377
1579546539.95781,14811243.00000,-93.90961,5.58990
1579546539.96614,14812077.00000,-40.84430,5.51469
1579546600.65910,14878200.00000,-172.52104,5.36871
1579546661.63518,14943297.00000,76.65022,5.46917
1579546661.65791,14944185.00000,-18.33403,5.54608
1579546661.66215,14943088.00000,85.28857,5.50251
1579546842.91137,15140238.00000,81.11897,5.59906
1579546842.92101,15140685.00000,80.01617,5.50395
1579546842.94010,15140064.00000,56.55043,5.50602
1579546903.62438,15204805.00000,-47.38716,5.63331
1579546903.63478,15206208.00000,85.91228,5.76627
1579546903.63568,15205343.00000,81.61734,5.84984
1579546964.16836,15270338.00000,-40.98945,5.85086
1579547085.13589,15401852.00000,82.39645,5.84614
1579547146.32573,15466820.00000,74.37991,5.81072
1579547206.94105,15533605.00000,-48.98731,5.80181
1579547206.94575,15532901.00000,-46.92524,5.93025
1579547206.94757,15532655.00000,-74.75925,5.24149
1579547206.96082,15533533.00000,87.96068,5.13058
1579547206.96664,15533617.00000,76.17783,5.06084
1579547267.77597,15598006.00000,79.40882,5.18577
1579547328.45748,15663850.00000,79.90466,5.31862
1579547388.68110,15728954.00000,-61.31733,5.49080
1579547448.87497,15795648.00000,-58.46124,5.57112
1579547448.88850,15794419.00000,-8.18147,5.52161
1579547448.91706,15794890.00000,82.34338,5.46109
1579547508.86871,15860951.00000,81.81151,5.47884
1579547508.89984,15860386.00000,77.80236,5.65514
1579547569.40344,15926534.00000,-116.23713,5.62357
1579547569.40929,15926829.00000,86.71651,5.82874
1579547690.62039,16057838.00000,83.44929,6.01533
1579547751.47537,16123750.00000,-90.81100,6.18678
1579547811.63465,16188447.00000,85.59141,6.36112
1579547872.33266,16253799.00000,-73.20321,6.56068
1579547932.31522,16319620.00000,86.71844,6.74652
1579547932.36560,16318662.00000,-13.18342,6.97354
1579547992.60967,16384322.00000,-24.54835,7.15191
1579548053.21316,16450316.00000,10.54081,7.18421
1579548174.12024,16582648.00000,-123.48508,7.52344
1579548174.12926,16581025.00000,79.18676,7.48707
1579548234.35054,16647889.00000,85.58621,7.67337
1579548295.07202,16711682.00000,-6.61948,7.72015
1579548416.34675,16843909.00000,80.11973,7.90129
1579548416.35992,16843781.00000,63.00203,7.78686
1579548416.37795,16843178.00000,79.80663,7.80855
1579548476.70658,16908540.00000,-90.85440,7.80820
1579548476.73814,16908835.00000,80.22726,7.96297
1579548476.74761,16909440.00000,-7.77406,8.15033
1579548476.74938,16910247.00000,44.76714,8.32677
1579548536.45813,16975043.00000,62.35297,8.29382
1579548657.31377,17105585.00000,-75.32357,8.29004
1579548657.31952,17105073.00000,83.52895,8.29492
1579548657.35525,17106701.00000,84.13554,8.27271
1579548657.35676,17105681.00000,71.99179,8.26369
1579548717.53544,17171232.00000,-58.78076,8.44046
1579548777.59279,17236600.00000,-172.65041,8.62082
1579548777.59573,17235989.00000,-337.00858,8.35183
1579548777.61793,17237006.00000,-269.75363,8.35646
1579548837.67414,17302703.00000,-92.62656,8.35654
1579549018.15882,17499786.00000,-136.69044,8.33431
1579549018.19271,17500043.00000,-366.24246,8.71083
1579549137.98737,17629657.00000,-59.87772,8.88377
1579549137.99519,17631031.00000,-42.65703,9.01384
1579549258.41305,17762106.00000,-14.06532,9.00929
1579549318.42941,17826500.00000,79.73932,8.58677
1579549439.81075,17957733.00000,-53.77867,8.35239
1579549439.81354,17958345.00000,-19.06196,7.67557
1579549439.83454,17958907.00000,57.71680,7.64830
1579549500.19195,18023249.00000,79.54738,7.23020
1579549560.65690,18089059.00000,-56.65052,6.15289
1579549620.73481,18153518.00000,-93.81876,6.15464
1579549681.02341,18219783.00000,46.74804,5.59936
1579549800.73915,18350946.00000,85.91539,5.62669
1579549800.76341,18352032.00000,82.93660,5.65851
1579549860.71437,18415893.00000,-59.84705,5.65123
1579549860.73243,18416156.00000,74.41472,5.62236
1579549980.86258,18546811.00000,65.33092,5.62114
1579549980.86942,18548082.00000,-112.99063,5.62622
1579550040.81905,18612926.00000,86.12978,5.79974
1579550040.85783,18614231.00000,71.17039,5.80635
1579550461.79939,19071966.00000,-32.07799,5.57202
1579550461.81880,19072411.00000,72.88107,5.57208
1579550522.16970,19137353.00000,83.10981,5.46765
1579550522.18331,19137078.00000,-19.80482,5.62034
1579550642.25617,19268709.00000,-30.43911,5.58517
1579550642.28570,19268036.00000,80.30219,5.72513
1579550702.00219,19333911.00000,71.11914,5.75808
1579550702.02100,19333656.00000,-47.33335,5.78021
1579550762.19102,19400286.00000,82.53198,5.89393
1579550762.19895,19400681.00000,-60.37733,5.77861
1579550762.20675,19400173.00000,-330.33490,5.73887
1579550822.24278,19466133.00000,62.86467,5.74594
1579550822.25388,19465921.00000,84.45142,5.62245
1579550822.27641,19466012.00000,-389.51288,5.62372
1579550822.28158,19464724.00000,-14.21813,5.19094
1579550942.39786,19597260.00000,-20.57820,5.35695
1579550942.42961,19597167.00000,79.46829,5.35741
1579551002.33684,19661796.00000,-20.45830,5.21451
1579551062.57769,19727231.00000,79.75282,5.04767
1579551122.55888,19792362.00000,85.14700,5.13836
1579551122.58114,19793058.00000,85.46430,5.11737
1579551362.69856,20054309.00000,-129.20935,4.94999
1579551543.94279,20251268.00000,-21.67481,4.75396
1579551604.36062,20316747.00000,-31.60835,4.57776
1579551784.62314,20513792.00000,-2.85223,4.77381
1579551784.65121,20513037.00000,-42.39989,4.59206
1579551844.99313,20579687.00000,-2.92321,4.57064
1579551905.01985,20644850.00000,-17.57836,4.72456
1579551965.47803,20709441.00000,-319.64859,4.73624
1579552025.64848,20776348.00000,-87.27132,4.72068
1579552025.66082,20775853.00000,-22.52644,4.52601
1579552264.26000,21038830.00000,74.42858,4.37956
1579552264.28864,21039052.00000,73.91959,3.97832
1579552324.29615,21104425.00000,-54.85825,3.95337
1579552384.06695,21169423.00000,-53.39805,4.10912
1579552384.08225,21169373.00000,0.28553,4.10470
1579552444.01615,21233910.00000,-37.33053,3.96435
1579552503.66758,21300524.00000,61.22507,4.11358
1579552684.00399,21497711.00000,86.17312,4.27530
1579552684.00608,21497256.00000,78.06105,4.26917
1579552803.58741,21627932.00000,-22.51818,4.14485
1579552923.94986,21758163.00000,82.43188,4.14666
1579553043.98210,21889090.00000,-5.07685,3.78926
1579553103.78049,21955084.00000,85.31375,3.90327
1579553164.03876,22020360.00000,-53.61996,4.07039
1579553164.06626,22021184.00000,81.97982,3.93519
1579553464.60381,22348940.00000,-19.12738,3.77732
1579553464.63273,22348855.00000,60.03439,3.77972
1579553464.63649,22349266.00000,80.37001,3.75999
1579553583.79395,22479410.00000,-44.87329,3.71649
1579553583.81662,22480515.00000,-37.53845,3.42783
1579553643.14089,22544495.00000,-47.32113,3.43442
1579553762.85937,22676027.00000,82.27899,2.93809
1579553822.65991,22742478.00000,-63.87272,3.03133
1579553822.70212,22742749.00000,0.15146,2.40861
1579553882.69423,22807525.00000,-27.20554,2.39169
1579553942.48745,22872375.00000,-123.45691,2.57073
1579553942.49765,22872215.00000,85.19944,2.57019
1579554062.12442,23005162.00000,66.81583,2.44289
1579554121.71402,23070691.00000,82.26333,2.47012
1579554181.02824,23135505.00000,-38.22985,2.47223
1579554240.48340,23201505.00000,84.31973,2.47737
1579554240.51650,23200575.00000,-16.84034,2.44860
1579554300.13990,23266673.00000,85.09510,2.38711
1579554300.18206,23266893.00000,-83.89032,2.49709
1579554359.78492,23331574.00000,-32.02148,2.49337
1579554359.80408,23331313.00000,64.01423,2.28137
1579554479.84840,23461967.00000,-39.53136,2.28613
1579554479.85148,23463654.00000,-46.70761,2.42472
1579554539.30960,23527466.00000,-62.49251,2.28013
1579554539.31849,23527866.00000,84.28716,2.24241
1579554719.16228,23725398.00000,-282.07892,2.01818
1579554719.16713,23724092.00000,22.18881,2.01950
1579554719.16823,23725676.00000,54.57395,0.95351
1579554719.17046,23726069.00000,-20.57963,0.78005
1579554839.05938,23855148.00000,12.91330,0.81005
1579554839.08404,23856563.00000,78.49854,0.69432
1579554839.09032,23855380.00000,82.72079,0.54025
1579554959.52598,23987957.00000,-61.39997,0.53625
1579554959.53395,23988050.00000,78.61327,0.66053
1579554959.54580,23986936.00000,-24.02630,0.48210
1579554959.55276,23987969.00000,-39.03662,0.26907
1579555079.18126,24119016.00000,-400.72607,0.06869
1579555259.15509,24314911.00000,82.26557,-0.09954
1579555318.68959,24381374.00000,82.58280,-0.07086
1579555378.62754,24445039.00000,45.47859,0.24067
1579555378.65420,24446950.00000,-294.32129,0.23700
1579555438.41786,24511613.00000,77.34335,0.34460
1579555498.03909,24576961.00000,77.81330,0.36217
1579555557.72037,24643195.00000,-98.71420,0.33012
1579555617.33544,24707411.00000,76.14135,0.31799
1579555795.60447,24904667.00000,84.80173,0.32093
1579555855.10633,24970831.00000,84.75851,0.43051
1579555855.10895,24969986.00000,79.88320,0.42922
1579555855.12037,24971179.00000,84.10906,0.61074
1579555914.71784,25035500.00000,69.03208,0.61692
1579556033.70088,25167550.00000,53.42191,0.33470
1579556033.70376,25167279.00000,52.35362,0.20106
1579556033.70947,25167772.00000,81.03207,0.20215
1579556153.03731,25297988.00000,84.28611,0.30130
1579556212.49637,25363042.00000,1.64617,0.01453
1579556332.29322,25494922.00000,83.40344,-0.01094
1579556392.20731,25560643.00000,78.17098,0.08647
1579556571.37517,25756579.00000,-610.83551,0.09596
1579556630.97896,25821268.00000,-49.65143,-0.04554
1579556631.00225,25821614.00000,-103.66192,-0.16206
1579556690.53666,25888760.00000,83.19685,-0.13082
1579556750.19072,25952668.00000,82.48033,-0.25202
1579556750.20229,25953941.00000,-110.64217,-0.25336
1579556750.20745,25953248.00000,-37.87037,-0.37899
1579556810.05352,26019572.00000,-49.00126,-0.45240
1579556930.01044,26150687.00000,-10.23739,-0.44878
1579556930.03020,26150386.00000,79.58741,-0.44899
1579557049.74956,26280487.00000,-300.58749,-0.41518
1579557288.59173,26542534.00000,-20.82981,-0.31695
1579557288.59656,26543293.00000,83.30562,-0.46473
1579557407.80168,26674469.00000,78.14526,-0.45196
1579557645.82718,26935489.00000,81.61747,-0.47216
1579558063.53462,27395691.00000,81.44341,-0.55532
1579558123.20023,27459655.00000,79.43958,-0.64529
1579558183.03621,27526352.00000,0.21752,-0.55084
1579558302.42224,27656656.00000,-50.17712,-0.41274
1579558362.19018,27723609.00000,80.57307,-0.40389
1579558362.21001,27721977.00000,-39.80890,-0.37856
1579558422.13504,27787827.00000,-32.91328,-0.35792
1579558482.02904,27854302.00000,-58.18442,-0.29921
1579558482.04617,27854711.00000,80.79626,-0.24114
1579558482.05908,27852826.00000,-65.72629,-0.32481
1579558721.29545,28116072.00000,78.53410,-0.30298
1579558721.31040,28116730.00000,87.53513,-0.39740
1579558721.31499,28116324.00000,81.83026,-0.49920
1579558960.06414,28378212.00000,41.89622,-0.60312
1579558960.09538,28377624.00000,81.18746,-0.69709
1579559079.21350,28510033.00000,-67.82262,-0.63901
1579559198.39433,28640161.00000,80.92840,-0.73973
1579559257.67280,28704915.00000,-126.37688,-0.73218
1579559257.69250,28705628.00000,84.63323,-0.82909
1579559317.17878,28770627.00000,62.66511,-0.92904
1579559317.18753,28770903.00000,-81.35425,-0.91495
1579559496.61395,28967078.00000,-111.08895,-0.90306
1579559556.39238,29034401.00000,-83.07647,-0.99460
1579559616.29080,29099959.00000,75.91848,-0.91339
1579559616.29214,29099881.00000,-40.53010,-1.00728
1579559616.30127,29098860.00000,73.37035,-0.98607
1579559676.16046,29164611.00000,78.07569,-0.93313
1579559795.83265,29295670.00000,-278.88113,-0.67217
1579559855.56478,29362152.00000,55.92032,-0.77113
1579559915.55645,29427197.00000,-20.95934,-0.84194
1579559915.59610,29427117.00000,-10.37247,-0.94001
1579560273.84046,29820731.00000,-17.52074,-0.89167
1579560273.88272,29820782.00000,83.97612,-0.88095
1579560333.84882,29884986.00000,85.56371,-0.98843
1579560393.90054,29951347.00000,-19.16477,-1.10062
1579560393.90626,29950546.00000,78.45700,-1.02718
1579560453.97014,30016076.00000,83.22266,-1.06924
1579560513.80661,30082475.00000,88.13628,-1.16339
1579560573.66837,30146722.00000,-71.18440,-1.26828
1579560932.94295,30541351.00000,81.55167,-1.35129
1579560992.67286,30607174.00000,83.22863,-1.45276
1579561171.78471,30803205.00000,-31.18175,-1.55548
1579561171.80070,30802530.00000,-142.49409,-1.66170
1579561171.80373,30803230.00000,28.25245,-1.65413
1579561411.09840,31064915.00000,-21.60475,-1.41999
1579561470.72304,31130861.00000,-39.18567,-1.52536
1579561649.68530,31327520.00000,78.61197,-1.62533
1579561769.11050,31459272.00000,86.70148,-1.72644
1579561828.82045,31524234.00000,83.17863,-1.82502
1579561828.82072,31524651.00000,83.43395,-1.76233
1579561888.60268,31589767.00000,-49.88020,-1.86504
1579562008.24145,31720834.00000,-8.03432,-1.96839
1579562128.59391,31851141.00000,82.73737,-1.70133
1579562188.31806,31916695.00000,87.14816,-1.77924
1579562248.53768,31982512.00000,85.10996,-1.88701
1579562368.68745,32113475.00000,79.74950,-1.86191
1579562429.03967,32178288.00000,83.74676,-1.95759
1579562489.24640,32244921.00000,80.50923,-2.02835
1579562669.26362,32440814.00000,3.00782,-2.10861
1579562669.27084,32441694.00000,83.48219,-2.05037
1579562669.27215,32441845.00000,54.40785,-2.12972
1579562789.27862,32571684.00000,81.29587,-2.06670
1579562969.40256,32768332.00000,76.78098,-2.17398
1579563029.41927,32834087.00000,-38.45942,-2.10184
1579563029.42695,32835286.00000,-39.43532,-2.08189
1579563089.60426,32900935.00000,-14.55326,-2.00029
1579563209.33352,33030660.00000,84.45486,-2.08513
1579563269.42295,33097341.00000,69.87952,-2.17790
1579563269.43652,33097373.00000,-20.11042,-2.26145
1579563329.30042,33162804.00000,86.91705,-2.08218
1579563389.06289,33227832.00000,-42.84988,-2.02029
1579563448.54888,33294314.00000,-135.44281,-2.12210
1579563508.24465,33358312.00000,83.52276,-2.10078
1579563508.28254,33359128.00000,87.72115,-2.08334
1579563568.00075,33425249.00000,81.31336,-2.16513
1579563627.73252,33490935.00000,77.71344,-2.25634
1579563747.09916,33620760.00000,81.27767,-2.15687
1579563807.05003,33686058.00000,85.53474,-2.24728
1579563867.06585,33751109.00000,-6.37484,-2.19693
1579564047.02012,33949476.00000,-114.10521,-2.17662
1579564226.28123,34145757.00000,-36.07120,-2.11091
1579564286.23255,34211586.00000,-39.15237,-2.05124
1579564346.23896,34276490.00000,-19.49573,-1.99553
1579564466.15867,34407510.00000,-52.79984,-2.09620
1579564466.16917,34408213.00000,83.26294,-2.19591
1579564526.10016,34472991.00000,87.11879,-2.29766
1579564824.37979,34801414.00000,83.39555,-2.40006
1579564884.27248,34866615.00000,84.41396,-2.50785
1579564943.93930,34931941.00000,83.68700,-2.38101
1579565483.19074,35522420.00000,77.44193,-2.41428
1579565483.19125,35520655.00000,77.64973,-2.48537
1579565483.20206,35521486.00000,81.69841,-2.58586
1579565543.23973,35587807.00000,69.63686,-2.68551
1579565603.23350,35651702.00000,-40.24202,-2.66044
1579565663.24121,35717883.00000,87.22788,-2.76260
1579565723.11997,35783882.00000,83.63550,-2.70122
1579565963.31365,36046333.00000,-19.07715,-2.80680
1579566023.08911,36112297.00000,84.22191,-2.88273
1579566142.78189,36243433.00000,59.47673,-2.98248
1579566142.78376,36242790.00000,-31.96374,-2.97018
1579566142.79066,36242576.00000,-38.91679,-2.90208
1579566262.56783,36372536.00000,-40.29935,-2.96836
1579566262.59595,36373319.00000,-19.77711,-2.88719
1579566322.46746,36438147.00000,81.06290,-2.85980
1579566382.34603,36504031.00000,-46.50307,-2.96370
1579566501.59613,36636245.00000,-678.30072,-2.94610
1579566561.23141,36700532.00000,-35.73214,-2.92532
1579566561.25033,36700666.00000,59.13477,-3.03201
1579566620.76020,36766823.00000,83.39183,-2.95880
1579566740.24829,36897862.00000,82.82372,-2.91728
1579567159.62709,37355776.00000,84.21835,-3.02336
1579567159.63154,37357356.00000,76.78122,-3.11781
1579567159.64692,37355961.00000,55.49446,-3.22014
1579567219.25994,37421843.00000,83.45696,-3.11326
1579567279.23794,37487309.00000,-6.48975,-3.21522
1579567339.08766,37552416.00000,79.35960,-3.14302
1579567518.84465,37749029.00000,-278.43558,-3.07696
1579567578.53898,37814641.00000,-160.54445,-3.17714
1579567817.27771,38076996.00000,82.37252,-3.08240
1579567876.93552,38143825.00000,-37.62829,-2.76777
1579567936.71197,38208669.00000,86.31753,-2.64669
1579568056.31014,38339044.00000,-24.45381,-2.75071
1579568056.32316,38338713.00000,81.18290,-2.85365
1579568175.85144,38470122.00000,-36.91086,-2.79575
1579568295.33286,38602060.00000,63.88810,-2.70317
1579568355.10858,38667991.00000,45.10847,-2.79082
1579568355.13751,38667592.00000,74.99081,-2.89042
1579568414.94132,38732480.00000,-120.57366,-2.34878
1579568414.96379,38732730.00000,80.56783,-2.17427
1579568414.97513,38732004.00000,57.18576,-2.11581
1579568534.69969,38864240.00000,87.21181,-2.21784
1579568594.47975,38930258.00000,87.64083,-2.32449
1579568653.98827,38995466.00000,-14.62654,-2.42770
1579568653.98941,38994273.00000,76.65720,-2.41649
1579568653.99265,38994907.00000,75.19379,-1.98531
1579568713.67954,39059720.00000,-50.94476,-1.95182
1579568713.68114,39061097.00000,83.08514,-2.05469
1579568713.70855,39060509.00000,84.54362,-1.99164
1579568833.55212,39191467.00000,85.86966,-1.92337
1579568953.07775,39323050.00000,-2.32597,-2.00917
1579569072.26035,39453229.00000,80.42220,-1.98595
1579569131.77478,39519355.00000,80.57495,-1.96982
1579569191.75316,39585588.00000,-32.77821,-2.05287
1579569311.49016,39715453.00000,84.58736,-2.03299
1579569430.77113,39847109.00000,-12.32883,-1.96465
1579569789.45080,40240009.00000,82.14536,-1.94186
1579569789.47755,40239741.00000,-246.32683,-2.04891
1579569789.48127,40240183.00000,80.52220,-2.15550
1579569849.55915,40305058.00000,77.89765,-2.25593
1579569849.59030,40306179.00000,77.60736,-1.85112
1579569909.28675,40370544.00000,-38.81969,-1.73873
1579569969.09944,40437053.00000,-43.48713,-1.79373
1579570088.27173,40567692.00000,42.81276,-1.76472
1579570088.27638,40568114.00000,-47.69991,-1.76521
1579570624.93384,41157438.00000,-45.72645,-1.31128
1579570684.60465,41222328.00000,82.93186,-1.42066
1579570863.46559,41419268.00000,-90.93295,-1.36417
1579570863.48648,41420308.00000,-98.58562,-1.15380
1579571102.04961,41681124.00000,-69.91366,-1.25924
1579571102.06119,41681860.00000,-70.57250,-1.34023
1579571161.69945,41748361.00000,-187.52983,-1.20378
1579571221.31358,41812776.00000,-47.86449,-1.28421
1579571281.09679,41879353.00000,-36.47999,-1.39212
1579571520.42622,42141688.00000,-60.24327,-1.49814
1579571520.42743,42141647.00000,60.81890,-1.60085
1579571580.38073,42206502.00000,83.15884,-1.70081
1579571640.11791,42270820.00000,-37.66596,-1.78377
1579571759.42747,42402602.00000,-138.48201,-1.88684
1579571938.66742,42599980.00000,82.55384,-1.99615
1579571938.69663,42598849.00000,-161.68607,-2.09634
1579572058.03138,42730788.00000,82.98401,-2.16336
1579572118.02101,42795215.00000,-58.25520,-2.26912
1579572118.03718,42796303.00000,83.77602,-2.37739
1579572177.89073,42862562.00000,82.57652,-2.48340
1579572297.78625,42993368.00000,80.79276,-2.58543
1579572297.79665,42992759.00000,81.24431,-2.37274
1579572297.80232,42992344.00000,-148.70670,-2.16730
1579572417.56022,43123988.00000,-496.54449,-2.25434
1579572477.46802,43188328.00000,-61.27388,-2.35371
1579572597.52978,43319755.00000,-37.06195,-2.45757
1579572657.59696,43384983.00000,-235.48216,-2.37850
1579572717.37264,43452236.00000,-565.36084,-2.35980
1579572717.41790,43452021.00000,54.40742,-2.45908
1579572837.10707,43581723.00000,-46.32962,-2.36983
1579572957.31443,43713474.00000,-35.08875,-2.13782
1579573017.56872,43779703.00000,-22.37850,-2.21329
1579573137.96460,43910791.00000,57.66948,-2.13853
1579573137.98442,43910700.00000,-55.02421,-2.11011
1579573198.01821,43975843.00000,-42.71122,-2.07198
1579573198.04649,43974705.00000,-47.86196,-1.95754
1579573556.92502,44368441.00000,83.23846,-2.06329
1579573616.81084,44435195.00000,-41.00683,-2.13052
1579573676.87231,44499921.00000,85.20021,-2.11989
1579573676.87733,44500136.00000,-77.08659,-2.12468
1579573676.89510,44499058.00000,79.91291,-2.22186
1579573676.91251,44499165.00000,60.71976,-1.78751
1579573796.59160,44631643.00000,-16.70640,-1.84507
1579573915.84057,44762391.00000,-266.58920,-1.92165
1579573915.87612,44761261.00000,82.53524,-2.02275
1579573975.89506,44828668.00000,-33.74621,-1.61091
1579574095.61777,44959477.00000,-50.72673,-1.71202
1579574095.63128,44958461.00000,-19.07510,-1.53038
1579574155.66095,45024183.00000,-60.09424,-1.41284
1579574215.82861,45090163.00000,-116.63248,-1.36172
1579574275.41698,45154598.00000,80.26548,-1.14580
1579574335.27199,45220365.00000,61.44893,-1.24173
1579574335.27482,45221638.00000,-51.60836,-1.21879
1579574395.06660,45285564.00000,59.00846,-1.32553
1579574395.08537,45285804.00000,-17.18277,-1.42706
1579574395.08670,45285654.00000,-12.62228,-1.52720
1579574455.11249,45351583.00000,84.02112,-1.59798
1579574514.62573,45417116.00000,85.01395,-1.53867
1579574694.16660,45614447.00000,-17.96478,-1.64620
1579574694.19080,45615043.00000,-19.12219,-1.74834
1579574694.20312,45614866.00000,-36.33693,-1.69704
1579574813.20130,45744364.00000,-45.14682,-1.80017
1579574873.47456,45811581.00000,-31.34851,-1.89326
1579574873.49823,45811309.00000,83.15790,-1.83195
1579575053.03465,46006371.00000,-562.00592,-1.77322
1579575053.05829,46006734.00000,-128.98460,-1.67965
1579575053.05943,46007577.00000,-62.73403,-1.78974
1579575113.00436,46072150.00000,83.66875,-1.88508
1579575173.44908,46138988.00000,87.82882,-1.98447
1579575173.46072,46138214.00000,73.54546,-2.08447
1579575318.82716,46268989.00000,53.03316,-2.00773
1579575502.46174,46465371.00000,41.65755,-1.93456
1579575564.50344,46530939.00000,-58.47396,-1.92432
1579575624.70393,46597000.00000,-42.66427,-2.02738
1579575924.03461,46925763.00000,86.88143,-2.12977
1579576043.08688,47055929.00000,-41.31017,-2.22715
1579576162.28169,47187103.00000,80.29453,-2.08167
1579576341.46511,47384120.00000,53.43110,-2.19020
1579576341.50003,47383359.00000,82.81255,-2.29464
1579576401.42314,47449295.00000,84.41428,-2.18099
1579576461.51254,47514584.00000,84.38593,-2.28811
1579576521.00607,47580639.00000,83.91724,-2.19649
1579576521.03173,47580092.00000,82.63294,-2.30503
1579576581.04036,47644867.00000,83.42848,-2.28853
1579576581.06858,47646105.00000,-46.95414,-2.25780
1579576581.07377,47646381.00000,78.18684,-2.27100
1579576640.61863,47711337.00000,-95.68300,-2.11645
1579576760.28069,47842807.00000,84.42792,-2.21555
1579576760.30766,47842157.00000,-20.58677,-2.32267
1579576879.91536,47973649.00000,85.34528,-2.31438
1579577059.36471,48169697.00000,-152.37994,-2.41466
1579577238.55185,48365763.00000,79.00726,-2.49351
1579577298.31736,48432941.00000,81.96964,-2.59339
1579577358.37446,48498147.00000,67.89405,-2.47968
1579577478.11717,48628949.00000,83.79813,-2.58009
1579577538.05343,48693655.00000,80.18204,-2.57036
1579577538.05923,48693349.00000,-62.90329,-2.62639
1579577538.08215,48693650.00000,82.30836,-2.70443
1579577658.02965,48825996.00000,85.31167,-2.61016
1579577658.03806,48824723.00000,63.56995,-2.71470
1579577718.04109,48890774.00000,74.64244,-2.82000
1579577778.09400,48955619.00000,81.96249,-2.91010
1579577837.65874,49021269.00000,63.52748,-2.83654
1579577897.78684,49087709.00000,-157.20569,-2.62045
1579577897.83249,49087241.00000,84.79010,-2.19867
1579578019.42817,49217866.00000,84.28875,-1.86105
1579578094.12787,49283546.00000,-59.51318,-1.74512
1579578094.13828,49284276.00000,83.31483,-1.57405
1579578094.14659,49283425.00000,82.80684,-1.11567
1579578160.16949,49349714.00000,84.32014,-1.04073
1579578245.31461,49416004.00000,79.94223,-0.98734
1579578318.21592,49480211.00000,-391.47549,-0.96974
1579578393.27169,49546945.00000,-224.56743,-1.06954
1579578594.85756,49743660.00000,-557.44366,-1.00223
1579578594.87819,49742316.00000,-30.54394,-0.97837
1579578594.89803,49742416.00000,-388.72751,-1.05061
1579578661.15625,49807973.00000,-782.65674,-1.15017
1579578725.97762,49873104.00000,84.26156,-1.07927
1579578725.98443,49874570.00000,-446.38211,-0.96185
1579578726.01704,49874657.00000,83.26347,-1.02035
1579578911.12955,50069938.00000,84.57632,-1.12788
1579578974.60848,50135891.00000,-18.13942,-1.23168
1579578974.64054,50136938.00000,-74.63204,-1.15678
1579579282.22442,50463119.00000,82.44737,-1.24991
1579579406.21564,50594065.00000,82.70848,-1.33168
1579579468.62691,50661284.00000,82.66261,-1.19027
1579579468.62963,50660618.00000,83.15030,-1.29806
1579579530.20689,50726230.00000,-105.12934,-1.38714
1579579530.21262,50726339.00000,82.06134,-1.34699
1579579598.13591,50791572.00000,-6.79431,-1.43820
1579579598.15027,50790969.00000,81.58448,-1.54222
1579579659.42798,50857845.00000,-40.14898,-1.51743
1579579721.35904,50922864.00000,85.73637,-1.47934
1579579907.09627,51119783.00000,-38.42175,-1.57984
1579579968.31158,51185192.00000,-32.06398,-1.66885
1579580029.56017,51250009.00000,81.93894,-1.60961
1579580090.10237,51314866.00000,-19.82180,-1.71291
1579580090.12274,51314762.00000,52.93262,-1.63734
1579580152.05691,51381098.00000,82.38811,-1.22390
1579580152.06021,51381006.00000,-40.39481,-1.30258
1579580276.36224,51513031.00000,83.13699,-1.40828
1579580338.38135,51577884.00000,-266.64783,-0.92078
1579580338.39748,51577546.00000,85.39129,-0.90298
1579580338.40331,51578277.00000,82.51131,-0.87723
1579580462.62967,51709053.00000,-30.79589,-0.97669
1579580523.72220,51774568.00000,-50.69520,-0.95108
1579580645.06254,51904658.00000,57.75776,-1.05090
1579580705.45839,51971703.00000,-57.74616,-1.15747
1579580766.62698,52037222.00000,-53.49325,-1.26443
1579580828.72091,52101553.00000,-70.20280,-1.10272
1579580951.90947,52232272.00000,-63.37659,-1.07559
1579581013.07664,52298667.00000,83.11074,-1.03603
1579581076.14213,52363592.00000,-63.94599,-1.03246
1579581076.14917,52364192.00000,63.67426,-0.97939
1579581375.58820,52691938.00000,77.56647,-0.97573
1579581375.59451,52692226.00000,80.95261,-0.95373
1579581435.70993,52757688.00000,70.62806,-0.55367
1579581495.83156,52823069.00000,-73.47552,-0.44445
1579581555.47459,52889181.00000,-42.23195,-0.41625
1579581555.50696,52887932.00000,-235.68617,-0.50941
1579581555.51018,52887617.00000,61.66014,-0.60192
1579581734.60842,53085780.00000,81.62379,-0.53326
1579581794.46272,53150783.00000,82.91508,-0.46643
1579581794.46848,53150578.00000,-143.14706,-0.46679
1579581853.80651,53216669.00000,72.42352,-0.42007
1579582033.80031,53412743.00000,85.70484,-0.49670
1579582093.66487,53479360.00000,73.39752,-0.60455
1579582273.35601,53674414.00000,-18.24885,-0.70224
1579582333.22157,53740224.00000,85.02789,-0.67406
1579582393.48122,53806724.00000,-315.10922,-0.77723
1579582393.49596,53805073.00000,72.07384,-0.77088
1579582513.48433,53937178.00000,85.83356,-0.87765
1579582633.25144,54067714.00000,-22.65031,-0.81054
1579582633.27384,54068243.00000,-44.53373,-0.91315
1579582633.28726,54068121.00000,83.36781,-0.88921
1579582752.97043,54198729.00000,61.93248,-0.96434
1579582752.98055,54198822.00000,47.96506,-1.06493
1579582814.17852,54264483.00000,-208.27600,-1.00877
1579582814.21682,54264982.00000,81.53306,-0.96179
1579582874.25058,54329595.00000,-314.51123,-0.90256
1579582874.25201,54329921.00000,61.99601,-1.00554
1579583009.18611,54460730.00000,-522.22528,-0.92560
1579583082.73753,54527255.00000,-62.02747,-0.92579
1579583147.50458,54591856.00000,84.10406,-0.89174
1579583147.52080,54592795.00000,83.02996,-0.73723
1579583285.18293,54723397.00000,-19.44391,-0.84386
1579583285.21228,54724070.00000,83.14323,-0.92748
1579583539.64549,54985281.00000,82.95075,-1.03044
1579583609.87132,55051723.00000,82.49506,-0.98259
1579583678.86164,55117572.00000,50.94813,-1.08813
1579583678.86277,55116862.00000,-100.85524,-1.06705
1579583678.88181,55116577.00000,65.42763,-1.17355
1579583742.13599,55182379.00000,84.23817,-1.06856
1579583931.18557,55378174.00000,-94.50390,-1.02848
1579583994.58304,55444577.00000,85.38243,-1.10860
1579584185.51660,55640214.00000,85.53539,-1.05912
1579584371.33442,55838533.00000,-131.04207,-1.00066
1579584550.15615,56034009.00000,52.05955,-0.92245
1579584669.27448,56165504.00000,-111.77339,-1.02794
1579584848.93668,56361942.00000,83.48731,-0.67490
1579584908.63924,56427673.00000,-763.50464,-0.70267
1579584908.64380,56427381.00000,-56.75464,-0.77097
1579584968.23895,56493145.00000,81.28011,-0.74522
1579585028.26270,56558341.00000,-24.91424,-0.76138
1579585147.54426,56689930.00000,-39.38469,-0.85963
1579585207.50635,56754215.00000,-20.00709,-0.96316
1579585327.25152,56885447.00000,83.31015,-0.88631
1579585327.26259,56885601.00000,-59.39685,-0.98470
1579585447.28497,57017644.00000,-91.01119,-0.95463
1579585507.18517,57082507.00000,-77.81336,-0.90577
1579585567.35300,57148381.00000,-63.02821,-0.40424
1579585567.37125,57148576.00000,84.18594,-0.50720
1579585627.53184,57212947.00000,70.14202,-0.61056
1579585627.55024,57212938.00000,80.53457,-0.66748
1579585926.86189,57541004.00000,82.65368,-0.29911
1579585986.72368,57607980.00000,84.17657,-0.39591
1579585986.73956,57607021.00000,60.05466,-0.49330
1579586046.64358,57672510.00000,52.20360,-0.36975
1579586046.64797,57673467.00000,82.16577,-0.46505
1579586106.63105,57738571.00000,87.02926,-0.57119
1579586226.40878,57868493.00000,76.65037,-0.67727
1579586286.48011,57935443.00000,46.00791,-0.77725
1579586346.10292,58000465.00000,85.77880,-0.88251
1579586405.83757,58065879.00000,-144.05217,-0.96891
1579586405.85439,58065899.00000,-45.70157,-1.03577
1579586465.49609,58132180.00000,81.94193,-1.10130
1579586525.61805,58197673.00000,51.33907,-1.20271
1579586824.59600,58524164.00000,-247.59891,-1.30820
1579586885.05419,58590371.00000,61.85064,-1.31026
1579586945.27351,58655455.00000,84.32930,-1.41465
1579587004.96201,58720600.00000,87.13213,-1.51248
1579587004.98686,58720352.00000,-91.61414,-0.74798
1579587064.92141,58787763.00000,-202.92670,-0.68584
1579587124.78621,58851926.00000,85.44618,-0.55610
1579587184.69490,58918001.00000,-18.70045,-0.66023
1579587244.20422,58983008.00000,-19.57123,-0.76346
1579587244.23228,58982495.00000,-41.53298,-0.62498
1579587364.38603,59115332.00000,-7.51927,-0.57758
1579587364.42149,59114535.00000,88.46710,-0.51626
1579587364.42287,59114771.00000,79.56646,-0.50344
1579587424.35653,59180616.00000,86.96601,-0.60305
1579587544.30745,59311543.00000,60.92599,-0.22685
1579587544.31750,59311461.00000,-173.49318,-0.20078
1579587604.24507,59376815.00000,83.34331,-0.30504
1579587664.37636,59442339.00000,57.36428,-0.40284
1579587844.70414,59638308.00000,11.84367,-0.50499
1579587904.48437,59704147.00000,-21.45650,-0.60693
1579587904.52303,59703566.00000,41.64722,-0.70635
1579587904.53603,59704565.00000,87.16406,-0.70662
1579587965.48413,59770106.00000,87.74760,-0.64382
1579588085.48075,59901216.00000,79.67636,-0.74466
1579588145.53901,59965907.00000,83.04394,-0.69484
